GROUP,PACKAGE,CLASS,INSTRUCTION_MISSED,INSTRUCTION_COVERED,BRANCH_MISSED,BRANCH_COVERED,LINE_MISSED,LINE_COVERED,COMPLEXITY_MISSED,COMPLEXITY_COVERED,METHOD_MISSED,METHOD_COVERED
enrollment-service,com.keybank.advice,EnrollmentControllerAdvice,49,0,0,0,13,0,6,0,6,0
enrollment-service,com.keybank.exception,SystemException,11,12,0,0,5,5,3,2,3,2
enrollment-service,com.keybank.exception,O2ServiceException,11,12,0,0,5,5,3,2,3,2
enrollment-service,com.keybank.exception,BusinessException,11,12,0,0,5,5,3,2,3,2
enrollment-service,com.keybank.exception,EnrollmentRequestInvalidException,8,15,0,0,4,6,2,3,2,3
enrollment-service,com.keybank.model,EnrollmentResponse,151,18,30,0,2,2,21,5,6,5
enrollment-service,com.keybank.model,AccountDetails,181,31,38,0,0,5,23,9,4,9
enrollment-service,com.keybank.model,EnrollmentDaoRequest,451,47,88,0,11,1,59,12,15,12
enrollment-service,com.keybank.model,EnrollmentRequest,274,52,56,0,0,8,32,15,4,15
enrollment-service,com.keybank.model,EnrollmentDaoResponse,149,20,30,0,0,4,20,6,5,6
enrollment-service,com.keybank.model,O2ServiceResponse,181,18,34,0,3,2,25,5,8,5
enrollment-service,com.keybank.model,O2ServiceRequest,373,39,72,0,9,1,49,10,13,10
enrollment-service,com.keybank.service,EnrollmentServiceImpl,0,44,1,1,0,11,1,2,0,2
enrollment-service,com.keybank,EnrollmentServiceApplication,12,0,0,0,4,0,3,0,3,0
enrollment-service,com.keybank.dao,EnrollmentDaoImpl,281,0,10,0,55,0,8,0,3,0
enrollment-service,com.keybank.controller,EnrollmentController,0,21,0,0,0,6,0,2,0,2
enrollment-service,com.keybank.validator,EnrollmentValidator,0,71,0,18,0,13,0,11,0,2
enrollment-service,com.keybank.builder,EnrollmentRequestBuilder,3,83,0,0,1,21,1,2,1,2
enrollment-service,com.keybank.builder,EnrollmentResponseBuilder,3,18,0,0,1,5,1,1,1,1
enrollment-service,com.keybank.util,EnrollmentConstant,3,0,0,0,1,0,1,0,1,0
enrollment-service,com.keybank.util,EnrollmentUtil,3,0,0,0,1,0,1,0,1,0
enrollment-service,com.keybank.config,EnrollmentSwagger,28,0,0,0,12,0,2,0,2,0
enrollment-service,com.keybank.svcClient,O2ServiceClientImpl,0,115,1,5,0,27,1,4,0,2
